source_url,target,status,reason
https://emergedigital.com/about-company/,https://emergedigital.com/about/,301,core
https://emergedigital.com/case-studies/developing-digital-audience-strategies-for-policy-bazaar-drives-incremental-leads/,https://emergedigital.com/case-studies/,301,case study / portfolio
https://emergedigital.com/case-studies/double-revenue-for-ecommerce-vision-eyecare-brand/,https://emergedigital.com/case-studies/,301,case study / portfolio
https://emergedigital.com/case-studies/one-year-partnership-that-fostered-community-value/,https://emergedigital.com/case-studies/,301,case study / portfolio
https://emergedigital.com/case-study-category/website-development/,https://emergedigital.com/case-studies/,301,case study / portfolio
https://emergedigital.com/portfolio-cat/marketing/,https://emergedigital.com/case-studies/,301,case study / portfolio
https://emergedigital.com/portfolio-cat/media/,https://emergedigital.com/case-studies/,301,case study / portfolio
https://emergedigital.com/portfolio-cat/optimization/,https://emergedigital.com/case-studies/,301,case study / portfolio
https://emergedigital.com/portfolio/,https://emergedigital.com/case-studies/,301,case study / portfolio
https://emergedigital.com/portfolio/couriers-by-demand-with-tap-area/,https://emergedigital.com/case-studies/,301,case study / portfolio
https://emergedigital.com/portfolio/expandable-video-banners/,https://emergedigital.com/case-studies/,301,case study / portfolio
https://emergedigital.com/portfolio/smm-project/,https://emergedigital.com/case-studies/,301,case study / portfolio
https://emergedigital.com/portfolio/sydneyelectricalservicebanners/,https://emergedigital.com/case-studies/,301,case study / portfolio
https://emergedigital.com/13-reasons-to-hire-a-ppc-agency-in-dubai/,https://emergedigital.com/insights/,301,blog post → insights
https://emergedigital.com/2024-seo-trends/,https://emergedigital.com/insights/,301,blog post → insights
https://emergedigital.com/3-techniques-for-google-tag-manager-testing-a-comprehensive-guide/,https://emergedigital.com/insights/,301,blog post → insights
https://emergedigital.com/a-b-n-testing/,https://emergedigital.com/insights/,301,blog post → insights
https://emergedigital.com/a-b-testing-vs-multivariate-testing/,https://emergedigital.com/insights/,301,blog post → insights
https://emergedigital.com/account-based-marketing-funnel/,https://emergedigital.com/insights/,301,blog post → insights
https://emergedigital.com/account-based-marketing-metrics/,https://emergedigital.com/insights/,301,blog post → insights
https://emergedigital.com/account-based-marketing-vs-inbound-marketing/,https://emergedigital.com/insights/,301,blog post → insights
https://emergedigital.com/agency-client-relationships-crucial-for-privacy-centric-strategies/,https://emergedigital.com/insights/,301,blog post → insights
https://emergedigital.com/app-store-keyword-optimization/,https://emergedigital.com/insights/,301,blog post → insights
https://emergedigital.com/app-store-optimization-android/,https://emergedigital.com/insights/,301,blog post → insights
https://emergedigital.com/b2b-conversion-rate-optimization/,https://emergedigital.com/insights/,301,blog post → insights
https://emergedigital.com/b2b-demand-generation-strategy/,https://emergedigital.com/insights/,301,blog post → insights
https://emergedigital.com/b2b-email-marketing-best-practices/,https://emergedigital.com/insights/,301,blog post → insights
https://emergedigital.com/benefits-of-ecommerce-seo/,https://emergedigital.com/insights/,301,blog post → insights
https://emergedigital.com/benefits-of-local-seo/,https://emergedigital.com/insights/,301,blog post → insights
https://emergedigital.com/blog/,https://emergedigital.com/insights/,301,core
https://emergedigital.com/brands-that-prioritize-apps-are-winning-now-and-in-the-future/,https://emergedigital.com/insights/,301,blog post → insights
https://emergedigital.com/category/ai/,https://emergedigital.com/insights/,301,archive → insights
https://emergedigital.com/category/analytics/,https://emergedigital.com/insights/,301,archive → insights
https://emergedigital.com/category/analytics/page/3/,https://emergedigital.com/insights/,301,archive → insights
https://emergedigital.com/category/business/,https://emergedigital.com/insights/,301,archive → insights
https://emergedigital.com/category/google-ads/,https://emergedigital.com/insights/,301,archive → insights
https://emergedigital.com/category/marketing/,https://emergedigital.com/insights/,301,archive → insights
https://emergedigital.com/category/marketing/page/2/,https://emergedigital.com/insights/,301,archive → insights
https://emergedigital.com/category/monitoring/,https://emergedigital.com/insights/,301,archive → insights
https://emergedigital.com/category/optimization/,https://emergedigital.com/insights/,301,archive → insights
https://emergedigital.com/category/paid-media/,https://emergedigital.com/insights/,301,archive → insights
https://emergedigital.com/category/payment-solutions/,https://emergedigital.com/insights/,301,archive → insights
https://emergedigital.com/category/seo/,https://emergedigital.com/insights/,301,archive → insights
https://emergedigital.com/category/uncategorized/,https://emergedigital.com/insights/,301,archive → insights
https://emergedigital.com/category/wordpress/,https://emergedigital.com/insights/,301,archive → insights
https://emergedigital.com/conversion-rate-optimization-best-practices/,https://emergedigital.com/insights/,301,blog post → insights
https://emergedigital.com/customer-journey-analysis/,https://emergedigital.com/insights/,301,blog post → insights
https://emergedigital.com/data-integration-strategy/,https://emergedigital.com/insights/,301,blog post → insights
https://emergedigital.com/data-management-strategy/,https://emergedigital.com/insights/,301,blog post → insights
https://emergedigital.com/data-protection-strategy/,https://emergedigital.com/insights/,301,blog post → insights
https://emergedigital.com/data-unification/,https://emergedigital.com/insights/,301,blog post → insights
https://emergedigital.com/default-redirect-page/,https://emergedigital.com/insights/,301,blog post → insights
https://emergedigital.com/demand-generation-best-practices/,https://emergedigital.com/insights/,301,blog post → insights
https://emergedigital.com/demand-generation-vs-growth-marketing/,https://emergedigital.com/insights/,301,blog post → insights
https://emergedigital.com/deploying-an-ambient-ai-email-assistant/,https://emergedigital.com/insights/,301,blog post → insights
https://emergedigital.com/developing-a-robust-data-governance-strategy/,https://emergedigital.com/insights/,301,blog post → insights
https://emergedigital.com/display-advertising-programmatic/,https://emergedigital.com/insights/,301,blog post → insights
https://emergedigital.com/ecommerce-facebook-ads/,https://emergedigital.com/insights/,301,blog post → insights
https://emergedigital.com/ecommerce-video-ads/,https://emergedigital.com/insights/,301,blog post → insights
https://emergedigital.com/email-marketing-customer-journey/,https://emergedigital.com/insights/,301,blog post → insights
https://emergedigital.com/email-marketing-mastery-2024/,https://emergedigital.com/insights/,301,blog post → insights
https://emergedigital.com/emerge-digital-now-accepting-crypto-com-pay-payments/,https://emergedigital.com/insights/,301,blog post → insights
https://emergedigital.com/ensuring-your-data-is-accurate-why-you-need-an-analytics-audit/,https://emergedigital.com/insights/,301,blog post → insights
https://emergedigital.com/enterprise-seo-audit/,https://emergedigital.com/insights/,301,blog post → insights
https://emergedigital.com/enterprise-seo-metrics/,https://emergedigital.com/insights/,301,blog post → insights
https://emergedigital.com/everything-you-need-to-know-about-ga4-migration-and-why-it-is-crucial/,https://emergedigital.com/insights/,301,blog post → insights
https://emergedigital.com/first-party-data-strategy/,https://emergedigital.com/insights/,301,blog post → insights
https://emergedigital.com/google-ads-for-ecommerce/,https://emergedigital.com/insights/,301,blog post → insights
https://emergedigital.com/google-analytics-website-traffic/,https://emergedigital.com/insights/,301,blog post → insights
https://emergedigital.com/google-consent-mode-v2-integration/,https://emergedigital.com/insights/,301,blog post → insights
https://emergedigital.com/google-tag-manager-vs-google-analytics/,https://emergedigital.com/insights/,301,blog post → insights
https://emergedigital.com/google-tag-monitoring/,https://emergedigital.com/insights/,301,blog post → insights
https://emergedigital.com/google-to-delay-blocking-third-party-cookies-in-chrome-until-2024/,https://emergedigital.com/insights/,301,blog post → insights
https://emergedigital.com/how-can-businesses-benefit-from-using-analytics-on-their-website/,https://emergedigital.com/insights/,301,blog post → insights
https://emergedigital.com/how-can-email-marketing-fuel-your-overall-inbound-strategy/,https://emergedigital.com/insights/,301,blog post → insights
https://emergedigital.com/how-content-marketing-drives-sales/,https://emergedigital.com/insights/,301,blog post → insights
https://emergedigital.com/how-emerge-digital-is-leveraging-ai-to-multiply-impact/,https://emergedigital.com/insights/,301,blog post → insights
https://emergedigital.com/how-long-does-it-take-to-develop-an-app/,https://emergedigital.com/insights/,301,blog post → insights
https://emergedigital.com/how-long-should-a-cold-email-be/,https://emergedigital.com/insights/,301,blog post → insights
https://emergedigital.com/how-long-should-a-marketing-email-be/,https://emergedigital.com/insights/,301,blog post → insights
https://emergedigital.com/how-many-backlinks-per-day-is-safe/,https://emergedigital.com/insights/,301,blog post → insights
https://emergedigital.com/how-many-cold-emails-to-send-per-day/,https://emergedigital.com/insights/,301,blog post → insights
https://emergedigital.com/how-much-does-content-marketing-cost/,https://emergedigital.com/insights/,301,blog post → insights
https://emergedigital.com/how-much-does-email-marketing-cost/,https://emergedigital.com/insights/,301,blog post → insights
https://emergedigital.com/how-much-does-local-seo-cost/,https://emergedigital.com/insights/,301,blog post → insights
https://emergedigital.com/how-much-does-native-advertising-cost/,https://emergedigital.com/insights/,301,blog post → insights
https://emergedigital.com/how-often-should-you-send-marketing-emails/,https://emergedigital.com/insights/,301,blog post → insights
https://emergedigital.com/how-to-calculate-break-even-roas/,https://emergedigital.com/insights/,301,blog post → insights
https://emergedigital.com/how-to-collect-emails-for-email-marketing/,https://emergedigital.com/insights/,301,blog post → insights
https://emergedigital.com/how-to-get-1-2-clients-every-month-for-your-consulting-firm,https://emergedigital.com/insights/,301,blog post → insights
https://emergedigital.com/how-to-increase-roas/,https://emergedigital.com/insights/,301,blog post → insights
https://emergedigital.com/how-to-manage-your-backlinks/,https://emergedigital.com/insights/,301,blog post → insights
https://emergedigital.com/how-to-optimize-core-web-vitals-for-wordpress-ultimate-guide/,https://emergedigital.com/insights/,301,blog post → insights
https://emergedigital.com/is-content-marketing-dead/,https://emergedigital.com/insights/,301,blog post → insights
https://emergedigital.com/is-cro-a-good-investment/,https://emergedigital.com/insights/,301,blog post → insights
https://emergedigital.com/link-acquisition-the-art-and-science-of-building-high-authority-links/,https://emergedigital.com/insights/,301,blog post → insights
https://emergedigital.com/linkedin-advertising-examples/,https://emergedigital.com/insights/,301,blog post → insights
https://emergedigital.com/linkedin-job-advertising-costs/,https://emergedigital.com/insights/,301,blog post → insights
https://emergedigital.com/local-seo-audit/,https://emergedigital.com/insights/,301,blog post → insights
https://emergedigital.com/member-logout/,https://emergedigital.com/insights/,301,blog post → insights
https://emergedigital.com/omnichannel-customer-journey/,https://emergedigital.com/insights/,301,blog post → insights
https://emergedigital.com/performance-max-campaigns-get-four-new-features-in-google-ads-that-should-get-you-excited/,https://emergedigital.com/insights/,301,blog post → insights
https://emergedigital.com/personalization-strategies-unveiled-how-to-reach-your-ideal-audience-at-the-perfect-time/,https://emergedigital.com/insights/,301,blog post → insights
https://emergedigital.com/programmatic-video-advertising/,https://emergedigital.com/insights/,301,blog post → insights
https://emergedigital.com/resources/,https://emergedigital.com/insights/,301,core
https://emergedigital.com/saas-seo-strategy/,https://emergedigital.com/insights/,301,blog post → insights
https://emergedigital.com/search-engine-marketing-benefits/,https://emergedigital.com/insights/,301,blog post → insights
https://emergedigital.com/seo-strategy-for-multiple-locations/,https://emergedigital.com/insights/,301,blog post → insights
https://emergedigital.com/seo-vs-sem-navigating-the-digital-marketing-maze-for-maximum-visibility/,https://emergedigital.com/insights/,301,blog post → insights
https://emergedigital.com/server-side-tagging-enhances-performance-and-privacy/,https://emergedigital.com/insights/,301,blog post → insights
https://emergedigital.com/strongest-backlinks/,https://emergedigital.com/insights/,301,blog post → insights
https://emergedigital.com/tag/business-app/,https://emergedigital.com/insights/,301,archive → insights
https://emergedigital.com/tag/google-tag-manager/,https://emergedigital.com/insights/,301,archive → insights
https://emergedigital.com/tag/mobile-app/,https://emergedigital.com/insights/,301,archive → insights
https://emergedigital.com/technical-seo-vs-content-seo/,https://emergedigital.com/insights/,301,blog post → insights
https://emergedigital.com/technical-seo-vs-on-page-seo/,https://emergedigital.com/insights/,301,blog post → insights
https://emergedigital.com/thank-you-page/,https://emergedigital.com/insights/,301,blog post → insights
https://emergedigital.com/types-of-account-based-marketing/,https://emergedigital.com/insights/,301,blog post → insights
https://emergedigital.com/understanding-the-digital-customer-journey/,https://emergedigital.com/insights/,301,blog post → insights
https://emergedigital.com/what-data-does-google-analytics-prohibit-collecting/,https://emergedigital.com/insights/,301,blog post → insights
https://emergedigital.com/what-data-is-google-analytics-goals-unable-to-track/,https://emergedigital.com/insights/,301,blog post → insights
https://emergedigital.com/what-do-website-analytics-allow-you-to-do/,https://emergedigital.com/insights/,301,blog post → insights
https://emergedigital.com/what-is-a-backlink-profile/,https://emergedigital.com/insights/,301,blog post → insights
https://emergedigital.com/what-is-a-good-ctr-for-linkedin-ads/,https://emergedigital.com/insights/,301,blog post → insights
https://emergedigital.com/what-is-a-good-roas/,https://emergedigital.com/insights/,301,blog post → insights
https://emergedigital.com/what-is-a-secondary-dimension-in-google-analytics/,https://emergedigital.com/insights/,301,blog post → insights
https://emergedigital.com/what-is-cross-network-in-google-analytics/,https://emergedigital.com/insights/,301,blog post → insights
https://emergedigital.com/what-is-enterprise-seo/,https://emergedigital.com/insights/,301,blog post → insights
https://emergedigital.com/what-is-event-count-in-google-analytics/,https://emergedigital.com/insights/,301,blog post → insights
https://emergedigital.com/what-is-pbn-backlinks/,https://emergedigital.com/insights/,301,blog post → insights
https://emergedigital.com/what-is-the-first-step-of-the-data-analytics-process/,https://emergedigital.com/insights/,301,blog post → insights
https://emergedigital.com/what-to-do-after-keyword-research/,https://emergedigital.com/insights/,301,blog post → insights
https://emergedigital.com/which-ecommerce-platform-is-best-for-seo/,https://emergedigital.com/insights/,301,blog post → insights
https://emergedigital.com/why-content-marketing-is-important-for-b2b/,https://emergedigital.com/insights/,301,blog post → insights
https://emergedigital.com/why-is-data-collection-important/,https://emergedigital.com/insights/,301,blog post → insights
https://emergedigital.com/why-is-data-driven-analytics-of-interest-to-companies/,https://emergedigital.com/insights/,301,blog post → insights
https://emergedigital.com/why-it-is-necessary-to-integrate-google-analytics-4-with-bigquery/,https://emergedigital.com/insights/,301,blog post → insights
https://emergedigital.com/why-might-digital-media-be-more-effective-than-television-ads/,https://emergedigital.com/insights/,301,blog post → insights
https://emergedigital.com/why-seo-audit-is-important/,https://emergedigital.com/insights/,301,blog post → insights
https://emergedigital.com/3cx/,https://emergedigital.com/services/,301,service page → services
https://emergedigital.com/app-development/,https://emergedigital.com/services/,301,service page → services
https://emergedigital.com/b2b-demand-generation-services/,https://emergedigital.com/services/,301,service page → services
https://emergedigital.com/cro-web-analytics/,https://emergedigital.com/services/,301,service page → services
https://emergedigital.com/customer-journey-optimization/,https://emergedigital.com/services/,301,service page → services
https://emergedigital.com/data-analytics-strategy/,https://emergedigital.com/services/,301,service page → services
https://emergedigital.com/digital-analytics-measurement-services/,https://emergedigital.com/services/,301,service page → services
https://emergedigital.com/google-analytics-4-audits/,https://emergedigital.com/services/,301,service page → services
https://emergedigital.com/google-analytics-4-training/,https://emergedigital.com/services/,301,service page → services
https://emergedigital.com/google-marketing-platform/,https://emergedigital.com/services/,301,service page → services
https://emergedigital.com/google-tag-manager-audits/,https://emergedigital.com/services/,301,service page → services
https://emergedigital.com/marketing-mix-modeling/,https://emergedigital.com/services/,301,service page → services
https://emergedigital.com/multivariate-testing-marketing/,https://emergedigital.com/services/,301,service page → services
https://emergedigital.com/paid-media-services/,https://emergedigital.com/services/,301,service page → services
https://emergedigital.com/search-engine-optimization/,https://emergedigital.com/services/,301,service page → services
https://emergedigital.com/sem-ppc-management/,https://emergedigital.com/services/,301,service page → services
https://emergedigital.com/web-governance/,https://emergedigital.com/services/,301,service page → services
https://emergedigital.com/wp-engine/,https://emergedigital.com/services/,301,service page → services
https://emergedigital.com/airwallex_payment_method_all/,410,410,utility/woocommerce/asset — gone
https://emergedigital.com/airwallex_payment_method_card/,410,410,utility/woocommerce/asset — gone
https://emergedigital.com/airwallex_payment_method_wechat/,410,410,utility/woocommerce/asset — gone
https://emergedigital.com/authorize-linkedin/,410,410,utility/woocommerce/asset — gone
https://emergedigital.com/cart/,410,410,utility/woocommerce/asset — gone
https://emergedigital.com/checkout-page/,410,410,utility/woocommerce/asset — gone
https://emergedigital.com/checkout/,410,410,utility/woocommerce/asset — gone
https://emergedigital.com/lost-password/,410,410,utility/woocommerce/asset — gone
https://emergedigital.com/my-account/,410,410,utility/woocommerce/asset — gone
https://emergedigital.com/nitropack_static/iIVjWyXuOLwOAZxBNJKTliqHGYyMhqVJ/assets/images/optimized/rev-355e757/emergedigital.com/wp-content/uploads/2022/07/GMP_Full_Logo_Suite-1024x691.png,410,410,utility/woocommerce/asset — gone
https://emergedigital.com/nitropack_static/iIVjWyXuOLwOAZxBNJKTliqHGYyMhqVJ/assets/images/source/rev-355e757/emergedigital.com/wp-content/uploads/2022/07/Asset-1-1.svg,410,410,utility/woocommerce/asset — gone
https://emergedigital.com/product-category/app-development/,410,410,utility/woocommerce/asset — gone
https://emergedigital.com/product-category/marketing/,410,410,utility/woocommerce/asset — gone
https://emergedigital.com/product-category/smm/,410,410,utility/woocommerce/asset — gone
https://emergedigital.com/product-tag/pbx/,410,410,utility/woocommerce/asset — gone
https://emergedigital.com/product-tag/setup/,410,410,utility/woocommerce/asset — gone
https://emergedigital.com/product/3cx-pbx-appliances/3cx-nx32-lite/,410,410,utility/woocommerce/asset — gone
https://emergedigital.com/product/3cx-pbx-appliances/3cx-nx32/,410,410,utility/woocommerce/asset — gone
https://emergedigital.com/product/3cx-pbx-appliances/3cx-nx96-b/,410,410,utility/woocommerce/asset — gone
https://emergedigital.com/product/digital/digital-marketing/,410,410,utility/woocommerce/asset — gone
https://emergedigital.com/product/digital/guide-to-link-building/,410,410,utility/woocommerce/asset — gone
https://emergedigital.com/product/hosting/managed-wordpress-hosting/,410,410,utility/woocommerce/asset — gone
https://emergedigital.com/product/pbx-annual-support-plan/asp-std25/,410,410,utility/woocommerce/asset — gone
https://emergedigital.com/product/pbx-annual-support-plan/asp-std50/,410,410,utility/woocommerce/asset — gone
https://emergedigital.com/product/pbx-setup/fee-pbx10/,410,410,utility/woocommerce/asset — gone
https://emergedigital.com/product/pbx-setup/fee-pbx25/,410,410,utility/woocommerce/asset — gone
https://emergedigital.com/product/ppc/ppc-package-basic/,410,410,utility/woocommerce/asset — gone
https://emergedigital.com/product/ppc/ppc-package-silver/,410,410,utility/woocommerce/asset — gone
https://emergedigital.com/product/seo/seo-for-growth/,410,410,utility/woocommerce/asset — gone
https://emergedigital.com/product/smm/social-media-basic-plan-starter/,410,410,utility/woocommerce/asset — gone
https://emergedigital.com/product/smm/social-media-premium-plan-advanced/,410,410,utility/woocommerce/asset — gone
https://emergedigital.com/public-individual-page/,410,410,utility/woocommerce/asset — gone
https://emergedigital.com/register/,410,410,utility/woocommerce/asset — gone
https://emergedigital.com/terms-and-conditions-for-recurring-payment-plans/,410,410,utility/woocommerce/asset — gone
https://emergedigital.com/wp-content/banners//Emerge Digital Banner Set 2/300x250/index.html,410,410,utility/woocommerce/asset — gone
https://emergedigital.com/wp-content/banners/Emerge Digital Banner Set 2/160x600/index.html,410,410,utility/woocommerce/asset — gone
https://emergedigital.com/wp-content/banners/Emerge Digital Banner Set 2/300x600/index.html,410,410,utility/woocommerce/asset — gone
https://emergedigital.com/wp-content/banners/Emerge Digital Banner Set 2/320x50/index.html,410,410,utility/woocommerce/asset — gone
https://emergedigital.com/wp-content/banners/Emerge Digital Banner Set 2/970x90/index.html,410,410,utility/woocommerce/asset — gone
https://emergedigital.com/wp-content/banners/GPACalculator/WithTapArea/Published/300x250/index.html,410,410,utility/woocommerce/asset — gone
https://emergedigital.com/wp-content/banners/Sydney Electrical Service/300x600/index.html,410,410,utility/woocommerce/asset — gone
https://emergedigital.com/wp-content/banners/Sydney Electrical Service/320x50/index.html,410,410,utility/woocommerce/asset — gone
https://emergedigital.com/wp-content/banners/Sydney Electrical Service/728x90/index.html,410,410,utility/woocommerce/asset — gone
https://emergedigital.com/wp-content/uploads/2023/07/google-tag-manager-audit.png,410,410,utility/woocommerce/asset — gone
https://emergedigital.com/wp-content/uploads/2024/07/image1.jpg,410,410,utility/woocommerce/asset — gone
